id,category,subcategory,question,answer,difficulty,tags
1,Accounts,Checking Accounts,What is a checking account?,"A checking account is a deposit account for everyday payments and withdrawals, typically offering a debit card and check-writing with low or no interest.",basic,
2,Accounts,Checking Accounts,How do I open a checking account?,"Provide government ID, personal details, and initial deposit; banks may run ChexSystems or similar screening before approval.",basic,
3,Accounts,Checking Accounts,What is a minimum balance requirement?,"It’s the lowest daily or monthly balance you must maintain to avoid fees or keep the account open, per the bank’s policy.",basic,
4,Accounts,Savings Accounts,What is a savings account?,A savings account is a deposit account that pays interest on balances and is designed for storing money over time.,basic,
5,Accounts,Savings Accounts,How is savings interest calculated?,"Banks quote an APY; interest accrues based on the bank’s compounding schedule (daily, monthly, etc.).",basic,
6,Accounts,Savings Accounts,What is a high-yield savings account?,"A high-yield savings account offers a higher APY than standard accounts, often from online banks with lower overhead.",basic,
7,Accounts,Certificates of Deposit (CDs),What is a CD?,A certificate of deposit locks funds for a fixed term at a fixed rate; early withdrawals usually incur penalties.,basic,
8,Accounts,Certificates of Deposit (CDs),What is a CD ladder?,A CD ladder spreads funds across multiple terms to balance liquidity and return.,basic,
9,Accounts,Certificates of Deposit (CDs),Can I withdraw from a CD early?,"Yes, but you’ll likely pay an early withdrawal penalty defined in the CD terms.",basic,
10,Accounts,Money Market Accounts,What is a money market account?,A money market account is an interest-bearing deposit account that may offer check-writing and higher minimums.,basic,
11,Accounts,Money Market Accounts,Are money market accounts FDIC insured?,Bank money market deposit accounts are FDIC insured up to limits; money market mutual funds are not FDIC insured.,basic,
12,Accounts,Money Market Accounts,Why do money market accounts have higher minimums?,"They often target customers seeking higher rates, and banks set higher minimums to manage costs and risk.",basic,
13,Payments & Transfers,ACH & Wires,What is an ACH transfer?,"ACH is a batch electronic transfer used for payroll, bill pay, and bank-to-bank moves; it’s slower but lower cost than wires.",basic,
14,Payments & Transfers,ACH & Wires,What is a wire transfer?,A wire is a real-time or same-day bank-to-bank transfer with higher fees and strong finality once sent.,basic,
15,Payments & Transfers,ACH & Wires,What details are needed for an incoming wire?,"Typically the bank name, routing/SWIFT code, your account number, and your full name and address.",basic,
16,Payments & Transfers,Zelle/Real-time,What is Zelle?,"Zelle is a U.S. person-to-person transfer network that moves money between enrolled bank accounts, usually within minutes.",basic,
17,Payments & Transfers,Zelle/Real-time,Are Zelle payments reversible?,"Generally no; once authorized and sent to the right recipient, they’re final unless the bank offers a courtesy remedy for fraud.",basic,
18,Payments & Transfers,Zelle/Real-time,What are RTP rails?,Real-Time Payments (RTP) are instant clearing and settlement networks that move funds 24/7 with immediate availability.,basic,
19,Payments & Transfers,Checks,What is mobile check deposit?,Using a bank app to photograph a check’s front and back for deposit; funds may be held until cleared.,basic,
20,Payments & Transfers,Checks,What is a check hold?,A temporary delay before funds are available; banks follow availability schedules and risk rules.,basic,
21,Payments & Transfers,Checks,What is a cashier’s check?,"A bank-issued check drawn on the bank’s own funds, often used for large, guaranteed payments.",basic,
22,Cards,Debit Cards,What is a debit card?,A debit card pulls funds directly from your checking account for purchases or ATM withdrawals.,basic,
23,Cards,Debit Cards,What is a PIN?,A PIN is a numeric code that verifies you at ATMs and sometimes at point-of-sale for security.,basic,
24,Cards,Debit Cards,What happens if my debit card is lost?,Report it immediately; the bank blocks the card and issues a replacement; liability may be limited if reported quickly.,basic,
25,Cards,Credit Cards,What is a credit card grace period?,It’s the time between the statement date and due date when purchases may avoid interest if the prior balance is paid in full.,basic,
26,Cards,Credit Cards,What is a cash advance?,"A cash advance lets you withdraw cash from your credit line, usually with immediate interest and extra fees.",basic,
27,Cards,Credit Cards,What is a balance transfer?,"Moving debt from one card to another, often with a promotional APR and a transfer fee.",basic,
28,Cards,Prepaid & Secured,What is a secured credit card?,A secured card requires a refundable deposit as collateral and can help build credit with responsible use.,basic,
29,Cards,Prepaid & Secured,What is a prepaid card?,A prepaid card is loaded with funds in advance and isn’t linked to a checking account or credit line.,basic,
30,Cards,Prepaid & Secured,Do prepaid cards build credit?,Generally no; prepaid activity isn’t reported to credit bureaus like credit cards are.,basic,
31,Loans,Personal Loans,What is an unsecured personal loan?,"It’s a fixed-term loan without collateral; approval depends on credit, income, and debt-to-income ratio.",basic,
32,Loans,Personal Loans,What is an APR?,"APR is the annualized cost of credit, including interest and mandatory fees.",basic,
33,Loans,Personal Loans,What is prequalification?,"A soft-credit estimate of loan terms you might receive, without a hard inquiry.",basic,
34,Loans,Auto Loans,What is loan-to-value (LTV)?,LTV compares loan amount to the asset’s value; higher LTV can mean higher rates or required down payment.,basic,
35,Loans,Auto Loans,What is a co-signer?,Someone who shares responsibility for the loan; their credit and income support approval.,basic,
36,Loans,Auto Loans,Can I refinance an auto loan?,"Yes; refinancing may lower payments or rates, subject to credit and vehicle value.",basic,
37,Loans,Mortgages,What is a fixed-rate mortgage?,A home loan with an interest rate that does not change over the loan term.,basic,
38,Loans,Mortgages,What is an adjustable-rate mortgage (ARM)?,A mortgage with an initial fixed period followed by rate adjustments based on an index and margin.,basic,
39,Loans,Mortgages,What are points?,Fees paid at closing to reduce the interest rate; one point usually equals 1% of the loan amount.,basic,
40,Loans,Student Loans,What is deferment?,"A temporary pause on required payments, often with subsidized interest benefits on eligible federal loans.",basic,
41,Loans,Student Loans,What is forbearance?,A payment pause or reduction where interest generally continues to accrue.,basic,
42,Loans,Student Loans,Do private student loans have income-driven repayment?,"Typically no; those plans are features of federal loans, not private ones.",basic,
43,Fees & Policies,Fees,What is a monthly maintenance fee?,A recurring fee for account services that may be waived with direct deposits or minimum balances.,basic,
44,Fees & Policies,Fees,What is an overdraft fee?,A fee charged when transactions exceed your available balance and the bank covers the shortfall.,basic,
45,Fees & Policies,Fees,What is a nonsufficient funds (NSF) fee?,A fee charged when the bank declines a transaction due to insufficient funds.,basic,
46,Fees & Policies,Availability & Holds,What is funds availability?,Rules governing when deposited funds become available for withdrawal.,basic,
47,Fees & Policies,Availability & Holds,Why do banks place holds on deposits?,To manage fraud and collection risk until items clear through payment networks.,basic,
48,Fees & Policies,Availability & Holds,What is a provisional credit?,A temporary credit issued while the bank investigates a dispute or error.,basic,
49,Fees & Policies,Account Policies,What is dormant account status?,An account with no activity for a defined period; banks may restrict access or charge inactivity fees per policy.,basic,
50,Fees & Policies,Account Policies,What is escheatment?,"Transfer of unclaimed funds to the state after prolonged inactivity, per state unclaimed property laws.",basic,
51,Fees & Policies,Account Policies,What is account closing policy?,"Rules for closing accounts, including settlement of fees and pending transactions.",basic,
52,Security & Compliance,KYC/AML,What is KYC?,Know Your Customer processes verify identity to prevent fraud and comply with regulations.,basic,
53,Security & Compliance,KYC/AML,What is AML?,Anti-Money Laundering controls detect and report suspicious activity per law.,basic,
54,Security & Compliance,KYC/AML,What is a SAR?,A Suspicious Activity Report filed by banks to regulators when unusual activity is detected.,basic,
55,Security & Compliance,Authentication,What is two-factor authentication (2FA)?,"A login method requiring two proofs, such as a password and a one-time code.",basic,
56,Security & Compliance,Authentication,What is biometric authentication?,"Using fingerprints, face, or voice to verify identity in banking apps or devices.",basic,
57,Security & Compliance,Authentication,What is device binding?,Linking a specific device to an account to reduce fraud risk for future logins or payments.,basic,
58,Security & Compliance,Fraud & Disputes,How do I report fraud on my account?,"Contact the bank immediately; they’ll block access, investigate, and issue replacements if needed.",basic,
59,Security & Compliance,Fraud & Disputes,What is chargeback?,A card network process to reverse disputed transactions under defined rules and timelines.,basic,
60,Security & Compliance,Fraud & Disputes,What is account takeover?,When a fraudster gains control of an account to transact or change settings without permission.,basic,
61,Digital Banking,Online & Mobile,What is a digital wallet?,A mobile or browser-based payment tool that stores card credentials for secure transactions.,basic,
62,Digital Banking,Online & Mobile,What is card tokenization?,Replacing a card number with a unique token to protect the real PAN during transactions.,basic,
63,Digital Banking,Online & Mobile,What is account aggregation?,A service that consolidates balances and transactions from multiple banks into one view.,basic,
64,Digital Banking,Alerts & Controls,What are account alerts?,"Notifications for deposits, withdrawals, low balances, or unusual activity.",basic,
65,Digital Banking,Alerts & Controls,What is a travel notice?,An advisory to your bank about upcoming travel to reduce false fraud declines.,basic,
66,Digital Banking,Alerts & Controls,What is card lock?,A control to temporarily disable a card to prevent new transactions.,basic,
67,Digital Banking,Statements & Records,What is an e-statement?,A digital version of your monthly account statement accessible in online banking.,basic,
68,Digital Banking,Statements & Records,How long are statements kept?,Banks typically retain statements for several years; availability varies by institution.,basic,
69,Digital Banking,Statements & Records,What is transaction categorization?,Automated labeling of spending types to help with budgeting and insights.,basic,
70,International,FX & SWIFT,What is a SWIFT code?,An international bank identifier used to route cross-border wires.,basic,
71,International,FX & SWIFT,What is an IBAN?,An international bank account number format used in many countries to standardize transfers.,basic,
72,International,FX & SWIFT,What are FX margins?,The spread between the market exchange rate and the bank’s offered rate for currency conversion.,basic,
73,International,Travel & Overseas Use,Can I use my card abroad?,"Yes, most cards work globally on major networks; notify your bank and expect possible FX fees.",basic,
74,International,Travel & Overseas Use,What is a foreign transaction fee?,A fee charged for purchases processed outside your home country or in foreign currency.,basic,
75,International,Travel & Overseas Use,How do I receive money from overseas?,"Provide your bank’s SWIFT/IBAN (if applicable), your account details, and payer information.",basic,
76,International,Remittances,What is a remittance transfer?,A cross-border consumer transfer; providers must disclose fees and exchange rates in many jurisdictions.,basic,
77,International,Remittances,Are remittances instant?,Timing varies by corridor and method; instant options may cost more.,basic,
78,International,Remittances,What info do I need to send a remittance?,"Recipient name, bank details, country, and reason for transfer, plus ID where required.",basic,
79,Business Banking,Business Accounts,What documents are needed for a business account?,"Typically formation documents, EIN, beneficial owner details, and personal IDs.",basic,
80,Business Banking,Business Accounts,What is a merchant account?,"An account that enables businesses to accept card payments, settling funds to a deposit account.",basic,
81,Business Banking,Business Accounts,What is a positive pay service?,A fraud-prevention tool that matches issued checks against presented items to block unauthorized checks.,basic,
82,Business Banking,Treasury & Cash Mgmt,What is a lockbox?,A service where the bank collects and processes customer checks sent to a dedicated address.,basic,
83,Business Banking,Treasury & Cash Mgmt,What is cash concentration?,Sweeping funds from multiple accounts to a central account for liquidity management.,basic,
84,Business Banking,Treasury & Cash Mgmt,What is controlled disbursement?,A service providing early-day presentment totals so firms can fund just enough to cover checks that day.,basic,
85,Business Banking,Commercial Lending,What is a revolving line of credit?,A reusable credit facility up to a limit; interest accrues only on drawn amounts.,basic,
86,Business Banking,Commercial Lending,What is a term loan?,A loan with a fixed schedule of repayments over a set period.,basic,
87,Business Banking,Commercial Lending,What is covenant compliance?,Meeting financial or operational conditions set in a loan agreement; breaches may trigger remedies.,basic,
88,Credit & Reports,Credit Scores,What is a FICO score?,A credit score model (300–850) used by lenders to assess credit risk.,basic,
89,Credit & Reports,Credit Scores,What affects my credit score most?,"Payment history, credit utilization, length of history, mix, and recent inquiries.",basic,
90,Credit & Reports,Credit Scores,How can I improve my score?,"Pay on time, reduce balances, avoid unnecessary hard inquiries, and keep old accounts open when reasonable.",basic,
91,Credit & Reports,Reports & Disputes,How do I get my credit report?,"In the U.S., use AnnualCreditReport.com for free reports from the major bureaus.",basic,
92,Credit & Reports,Reports & Disputes,How do I dispute an error on my report?,File a dispute with the bureau and the furnisher; provide documentation; they must investigate within statutory timelines.,basic,
93,Credit & Reports,Reports & Disputes,What is a hard inquiry?,A lender’s credit check for new credit; it can temporarily reduce your score slightly.,basic,
94,Credit & Reports,Utilization & Limits,What is credit utilization?,The ratio of balances to credit limits; lower utilization is generally better for scores.,basic,
95,Credit & Reports,Utilization & Limits,What is a credit limit increase?,A higher ceiling on a card or line; may require a hard or soft check and income verification.,basic,
96,Credit & Reports,Utilization & Limits,Does closing a card hurt my score?,"It can, by reducing available credit and potentially shortening average account age.",basic,
97,Regulatory & Legal (General),Coverage & Insurance,What is FDIC insurance?,"U.S. federal deposit insurance that protects eligible deposits up to statutory limits per depositor, per bank, per ownership category.",basic,
98,Regulatory & Legal (General),Coverage & Insurance,Are investment accounts FDIC insured?,"No; brokerage assets may be covered by SIPC, which differs from FDIC insurance.",basic,
99,Regulatory & Legal (General),Coverage & Insurance,Are safe deposit boxes insured?,Contents are generally not insured by the bank or FDIC; separate insurance may be needed.,basic,
100,Regulatory & Legal (General),Disclosures & Rights,What is Reg E error resolution?,U.S. rules for resolving electronic transfer errors with investigation timelines and provisional credit.,basic,
101,Regulatory & Legal (General),Disclosures & Rights,What is Reg Z?,U.S. Truth in Lending rules covering credit cost disclosures and certain consumer protections.,basic,
102,Regulatory & Legal (General),Disclosures & Rights,What is Reg CC?,U.S. rules setting funds availability and check collection timelines for deposits.,basic,
103,Regulatory & Legal (General),Privacy & Data,What is a privacy notice?,"A disclosure explaining how a bank collects, uses, and shares customer information and opt-out rights where applicable.",basic,
104,Regulatory & Legal (General),Privacy & Data,What is GLBA?,The Gramm-Leach-Bliley Act requires financial institutions to protect customer data and disclose privacy practices.,basic,
105,Regulatory & Legal (General),Privacy & Data,What is PCI DSS?,"A card industry security standard for handling cardholder data; applies to merchants and processors, not just banks.",basic,
106,Accounts,Checking Accounts,How do I avoid monthly fees?,"Meet waiver conditions such as minimum balance, direct deposits, or activity thresholds as specified by your bank.",basic,
107,Accounts,Savings Accounts,How fast are transfers?,ACH typically 1–3 business days; wires same-day domestic; instant networks post within seconds when available.,basic,
108,Accounts,Certificates of Deposit (CDs),How do I set up direct deposit?,"Provide your employer the bank routing number, your account number, and account type.",basic,
109,Accounts,Money Market Accounts,What is a routing number?,A nine-digit identifier used in the U.S. to route ACH and wire transfers to your bank.,basic,
110,Payments & Transfers,ACH & Wires,What is an account number?,Your unique identifier at the bank that directs deposits and withdrawals to your specific account.,basic,
111,Payments & Transfers,Zelle/Real-time,How can I increase account security?,"Enable 2FA, use strong unique passwords, set alerts, and keep contact info current.",basic,
112,Payments & Transfers,Checks,How do I freeze my credit?,Request a freeze at each bureau; it restricts new credit checks until you lift it.,basic,
113,Cards,Debit Cards,What is overdraft protection?,A service linking accounts or a credit line to cover shortfalls and reduce declined transactions.,basic,
114,Cards,Credit Cards,How do I stop a payment?,Submit a stop payment order before the item posts; fees and time limits apply.,basic,
115,Cards,Prepaid & Secured,What if I see an unauthorized charge?,Report it immediately; banks must investigate and may issue provisional credit during review.,basic,
116,Loans,Personal Loans,How do I avoid monthly fees?,"Meet waiver conditions such as minimum balance, direct deposits, or activity thresholds as specified by your bank.",basic,
117,Loans,Auto Loans,How fast are transfers?,ACH typically 1–3 business days; wires same-day domestic; instant networks post within seconds when available.,basic,
118,Loans,Mortgages,How do I set up direct deposit?,"Provide your employer the bank routing number, your account number, and account type.",basic,
119,Loans,Student Loans,What is a routing number?,A nine-digit identifier used in the U.S. to route ACH and wire transfers to your bank.,basic,
120,Fees & Policies,Fees,What is an account number?,Your unique identifier at the bank that directs deposits and withdrawals to your specific account.,basic,
121,Fees & Policies,Availability & Holds,How can I increase account security?,"Enable 2FA, use strong unique passwords, set alerts, and keep contact info current.",basic,
122,Fees & Policies,Account Policies,How do I freeze my credit?,Request a freeze at each bureau; it restricts new credit checks until you lift it.,basic,
123,Security & Compliance,KYC/AML,What is overdraft protection?,A service linking accounts or a credit line to cover shortfalls and reduce declined transactions.,basic,
124,Security & Compliance,Authentication,How do I stop a payment?,Submit a stop payment order before the item posts; fees and time limits apply.,basic,
125,Security & Compliance,Fraud & Disputes,What if I see an unauthorized charge?,Report it immediately; banks must investigate and may issue provisional credit during review.,basic,
126,Digital Banking,Online & Mobile,How do I avoid monthly fees?,"Meet waiver conditions such as minimum balance, direct deposits, or activity thresholds as specified by your bank.",basic,
127,Digital Banking,Alerts & Controls,How fast are transfers?,ACH typically 1–3 business days; wires same-day domestic; instant networks post within seconds when available.,basic,
128,Digital Banking,Statements & Records,How do I set up direct deposit?,"Provide your employer the bank routing number, your account number, and account type.",basic,
129,International,FX & SWIFT,What is a routing number?,A nine-digit identifier used in the U.S. to route ACH and wire transfers to your bank.,basic,
130,International,Travel & Overseas Use,What is an account number?,Your unique identifier at the bank that directs deposits and withdrawals to your specific account.,basic,
131,International,Remittances,How can I increase account security?,"Enable 2FA, use strong unique passwords, set alerts, and keep contact info current.",basic,
132,Business Banking,Business Accounts,How do I freeze my credit?,Request a freeze at each bureau; it restricts new credit checks until you lift it.,basic,
133,Business Banking,Treasury & Cash Mgmt,What is overdraft protection?,A service linking accounts or a credit line to cover shortfalls and reduce declined transactions.,basic,
134,Business Banking,Commercial Lending,How do I stop a payment?,Submit a stop payment order before the item posts; fees and time limits apply.,basic,
135,Credit & Reports,Credit Scores,What if I see an unauthorized charge?,Report it immediately; banks must investigate and may issue provisional credit during review.,basic,
136,Credit & Reports,Reports & Disputes,How do I avoid monthly fees?,"Meet waiver conditions such as minimum balance, direct deposits, or activity thresholds as specified by your bank.",basic,
137,Credit & Reports,Utilization & Limits,How fast are transfers?,ACH typically 1–3 business days; wires same-day domestic; instant networks post within seconds when available.,basic,
138,Regulatory & Legal (General),Coverage & Insurance,How do I set up direct deposit?,"Provide your employer the bank routing number, your account number, and account type.",basic,
139,Regulatory & Legal (General),Disclosures & Rights,What is a routing number?,A nine-digit identifier used in the U.S. to route ACH and wire transfers to your bank.,basic,
140,Regulatory & Legal (General),Privacy & Data,What is an account number?,Your unique identifier at the bank that directs deposits and withdrawals to your specific account.,basic,
141,Accounts,Checking Accounts,How can I increase account security?,"Enable 2FA, use strong unique passwords, set alerts, and keep contact info current.",basic,
142,Accounts,Savings Accounts,How do I freeze my credit?,Request a freeze at each bureau; it restricts new credit checks until you lift it.,basic,
143,Accounts,Certificates of Deposit (CDs),What is overdraft protection?,A service linking accounts or a credit line to cover shortfalls and reduce declined transactions.,basic,
144,Accounts,Money Market Accounts,How do I stop a payment?,Submit a stop payment order before the item posts; fees and time limits apply.,basic,
145,Payments & Transfers,ACH & Wires,What if I see an unauthorized charge?,Report it immediately; banks must investigate and may issue provisional credit during review.,basic,
146,Payments & Transfers,Zelle/Real-time,How do I avoid monthly fees?,"Meet waiver conditions such as minimum balance, direct deposits, or activity thresholds as specified by your bank.",basic,
147,Payments & Transfers,Checks,How fast are transfers?,ACH typically 1–3 business days; wires same-day domestic; instant networks post within seconds when available.,basic,
148,Cards,Debit Cards,How do I set up direct deposit?,"Provide your employer the bank routing number, your account number, and account type.",basic,
149,Cards,Credit Cards,What is a routing number?,A nine-digit identifier used in the U.S. to route ACH and wire transfers to your bank.,basic,
150,Cards,Prepaid & Secured,What is an account number?,Your unique identifier at the bank that directs deposits and withdrawals to your specific account.,basic,
151,Loans,Personal Loans,How can I increase account security?,"Enable 2FA, use strong unique passwords, set alerts, and keep contact info current.",basic,
152,Loans,Auto Loans,How do I freeze my credit?,Request a freeze at each bureau; it restricts new credit checks until you lift it.,basic,
153,Loans,Mortgages,What is overdraft protection?,A service linking accounts or a credit line to cover shortfalls and reduce declined transactions.,basic,
154,Loans,Student Loans,How do I stop a payment?,Submit a stop payment order before the item posts; fees and time limits apply.,basic,
155,Fees & Policies,Fees,What if I see an unauthorized charge?,Report it immediately; banks must investigate and may issue provisional credit during review.,basic,
156,Fees & Policies,Availability & Holds,How do I avoid monthly fees?,"Meet waiver conditions such as minimum balance, direct deposits, or activity thresholds as specified by your bank.",basic,
157,Fees & Policies,Account Policies,How fast are transfers?,ACH typically 1–3 business days; wires same-day domestic; instant networks post within seconds when available.,basic,
158,Security & Compliance,KYC/AML,How do I set up direct deposit?,"Provide your employer the bank routing number, your account number, and account type.",basic,
159,Security & Compliance,Authentication,What is a routing number?,A nine-digit identifier used in the U.S. to route ACH and wire transfers to your bank.,basic,
160,Security & Compliance,Fraud & Disputes,What is an account number?,Your unique identifier at the bank that directs deposits and withdrawals to your specific account.,basic,
161,Digital Banking,Online & Mobile,How can I increase account security?,"Enable 2FA, use strong unique passwords, set alerts, and keep contact info current.",basic,
162,Digital Banking,Alerts & Controls,How do I freeze my credit?,Request a freeze at each bureau; it restricts new credit checks until you lift it.,basic,
163,Digital Banking,Statements & Records,What is overdraft protection?,A service linking accounts or a credit line to cover shortfalls and reduce declined transactions.,basic,
164,International,FX & SWIFT,How do I stop a payment?,Submit a stop payment order before the item posts; fees and time limits apply.,basic,
165,International,Travel & Overseas Use,What if I see an unauthorized charge?,Report it immediately; banks must investigate and may issue provisional credit during review.,basic,
166,International,Remittances,How do I avoid monthly fees?,"Meet waiver conditions such as minimum balance, direct deposits, or activity thresholds as specified by your bank.",basic,
167,Business Banking,Business Accounts,How fast are transfers?,ACH typically 1–3 business days; wires same-day domestic; instant networks post within seconds when available.,basic,
168,Business Banking,Treasury & Cash Mgmt,How do I set up direct deposit?,"Provide your employer the bank routing number, your account number, and account type.",basic,
169,Business Banking,Commercial Lending,What is a routing number?,A nine-digit identifier used in the U.S. to route ACH and wire transfers to your bank.,basic,
170,Credit & Reports,Credit Scores,What is an account number?,Your unique identifier at the bank that directs deposits and withdrawals to your specific account.,basic,
171,Credit & Reports,Reports & Disputes,How can I increase account security?,"Enable 2FA, use strong unique passwords, set alerts, and keep contact info current.",basic,
172,Credit & Reports,Utilization & Limits,How do I freeze my credit?,Request a freeze at each bureau; it restricts new credit checks until you lift it.,basic,
173,Regulatory & Legal (General),Coverage & Insurance,What is overdraft protection?,A service linking accounts or a credit line to cover shortfalls and reduce declined transactions.,basic,
174,Regulatory & Legal (General),Disclosures & Rights,How do I stop a payment?,Submit a stop payment order before the item posts; fees and time limits apply.,basic,
175,Regulatory & Legal (General),Privacy & Data,What if I see an unauthorized charge?,Report it immediately; banks must investigate and may issue provisional credit during review.,basic,
176,Accounts,Checking Accounts,How do I avoid monthly fees?,"Meet waiver conditions such as minimum balance, direct deposits, or activity thresholds as specified by your bank.",basic,
177,Accounts,Savings Accounts,How fast are transfers?,ACH typically 1–3 business days; wires same-day domestic; instant networks post within seconds when available.,basic,
178,Accounts,Certificates of Deposit (CDs),How do I set up direct deposit?,"Provide your employer the bank routing number, your account number, and account type.",basic,
179,Accounts,Money Market Accounts,What is a routing number?,A nine-digit identifier used in the U.S. to route ACH and wire transfers to your bank.,basic,
180,Payments & Transfers,ACH & Wires,What is an account number?,Your unique identifier at the bank that directs deposits and withdrawals to your specific account.,basic,
181,Payments & Transfers,Zelle/Real-time,How can I increase account security?,"Enable 2FA, use strong unique passwords, set alerts, and keep contact info current.",basic,
182,Payments & Transfers,Checks,How do I freeze my credit?,Request a freeze at each bureau; it restricts new credit checks until you lift it.,basic,
183,Cards,Debit Cards,What is overdraft protection?,A service linking accounts or a credit line to cover shortfalls and reduce declined transactions.,basic,
184,Cards,Credit Cards,How do I stop a payment?,Submit a stop payment order before the item posts; fees and time limits apply.,basic,
185,Cards,Prepaid & Secured,What if I see an unauthorized charge?,Report it immediately; banks must investigate and may issue provisional credit during review.,basic,
186,Loans,Personal Loans,How do I avoid monthly fees?,"Meet waiver conditions such as minimum balance, direct deposits, or activity thresholds as specified by your bank.",basic,
187,Loans,Auto Loans,How fast are transfers?,ACH typically 1–3 business days; wires same-day domestic; instant networks post within seconds when available.,basic,
188,Loans,Mortgages,How do I set up direct deposit?,"Provide your employer the bank routing number, your account number, and account type.",basic,
189,Loans,Student Loans,What is a routing number?,A nine-digit identifier used in the U.S. to route ACH and wire transfers to your bank.,basic,
190,Fees & Policies,Fees,What is an account number?,Your unique identifier at the bank that directs deposits and withdrawals to your specific account.,basic,
191,Fees & Policies,Availability & Holds,How can I increase account security?,"Enable 2FA, use strong unique passwords, set alerts, and keep contact info current.",basic,
192,Fees & Policies,Account Policies,How do I freeze my credit?,Request a freeze at each bureau; it restricts new credit checks until you lift it.,basic,
193,Security & Compliance,KYC/AML,What is overdraft protection?,A service linking accounts or a credit line to cover shortfalls and reduce declined transactions.,basic,
194,Security & Compliance,Authentication,How do I stop a payment?,Submit a stop payment order before the item posts; fees and time limits apply.,basic,
195,Security & Compliance,Fraud & Disputes,What if I see an unauthorized charge?,Report it immediately; banks must investigate and may issue provisional credit during review.,basic,
196,Digital Banking,Online & Mobile,How do I avoid monthly fees?,"Meet waiver conditions such as minimum balance, direct deposits, or activity thresholds as specified by your bank.",basic,
197,Digital Banking,Alerts & Controls,How fast are transfers?,ACH typically 1–3 business days; wires same-day domestic; instant networks post within seconds when available.,basic,
198,Digital Banking,Statements & Records,How do I set up direct deposit?,"Provide your employer the bank routing number, your account number, and account type.",basic,
199,International,FX & SWIFT,What is a routing number?,A nine-digit identifier used in the U.S. to route ACH and wire transfers to your bank.,basic,
200,International,Travel & Overseas Use,What is an account number?,Your unique identifier at the bank that directs deposits and withdrawals to your specific account.,basic,
201,International,Remittances,How can I increase account security?,"Enable 2FA, use strong unique passwords, set alerts, and keep contact info current.",basic,
202,Business Banking,Business Accounts,How do I freeze my credit?,Request a freeze at each bureau; it restricts new credit checks until you lift it.,basic,
203,Business Banking,Treasury & Cash Mgmt,What is overdraft protection?,A service linking accounts or a credit line to cover shortfalls and reduce declined transactions.,basic,
204,Business Banking,Commercial Lending,How do I stop a payment?,Submit a stop payment order before the item posts; fees and time limits apply.,basic,
205,Credit & Reports,Credit Scores,What if I see an unauthorized charge?,Report it immediately; banks must investigate and may issue provisional credit during review.,basic,
206,Accounts,Checking Accounts,Do checking accounts pay interest?,"Some do, but rates are typically lower than savings; check your bank’s APY.",basic,
207,Accounts,Savings Accounts,Is there a limit on savings withdrawals?,Historically savings had withdrawal limits; banks may still impose limits via policy even if not required by law.,basic,
208,Payments & Transfers,ACH & Wires,Can I reverse an ACH?,ACH entries can be returned or reversed in limited cases; timing and reason codes apply.,basic,
209,Payments & Transfers,Zelle/Real-time,Do instant transfers have limits?,"Yes, banks set daily and monthly limits based on risk and account type.",basic,
210,Payments & Transfers,Checks,When do mobile deposits clear?,Availability follows the bank’s funds policy; some amounts may be held until collection.,basic,
211,Cards,Credit Cards,What is a statement closing date?,The date your billing cycle ends; purchases after this date appear on the next statement.,basic,
212,Cards,Debit Cards,Can I use debit card offline?,Some terminals support offline PIN or signature; transactions may post later.,basic,
213,Loans,Mortgages,What is escrow?,A portion of the monthly payment set aside for property taxes and insurance.,basic,
214,Loans,Personal Loans,What is a prepayment penalty?,A fee some lenders charge if you pay off a loan early; many personal loans have no penalty.,basic,
215,Loans,Student Loans,Do student loans affect credit?,Yes; payment history and balances can impact your credit profile.,basic,
216,Fees & Policies,Fees,What is an ATM surcharge?,"A fee charged by the ATM owner for using their machine, on top of bank fees.",basic,
217,Fees & Policies,Availability & Holds,What is a large deposit hold?,Extra hold time applied to deposits above a threshold to manage clearing risk.,basic,
218,Security & Compliance,Fraud & Disputes,What is friendly fraud?,A dispute where the cardholder authorized the purchase but later claims it was unauthorized.,basic,
219,Digital Banking,Online & Mobile,What is an MFA push prompt?,A mobile notification asking you to approve a login attempt for stronger security.,basic,
220,International,FX & SWIFT,What is correspondent banking?,An arrangement where banks use intermediary banks to move cross-border funds.,basic,
221,Business Banking,Treasury & Cash Mgmt,What is ACH positive pay?,Filters ACH debits to only allow authorized company IDs or amounts.,basic,
222,Credit & Reports,Reports & Disputes,What is a dispute investigation timeline?,Bureaus typically have 30–45 days to investigate and respond.,basic,
223,Regulatory & Legal (General),Disclosures & Rights,What is adverse action notice?,"A notice explaining why credit was denied or terms changed, citing key reasons.",basic,
224,Mixed Scenarios,Customer Situations,I sent a wire to the wrong account. What can I do?,Contact your bank immediately to request a recall; recovery depends on recipient bank cooperation and timing.,basic,
225,Mixed Scenarios,Customer Situations,My paycheck is missing via direct deposit. What steps should I take?,"Verify deposit date with your employer, confirm routing and account numbers, and ask your bank to trace the ACH.",basic,
226,Mixed Scenarios,Customer Situations,My card was skimmed at an ATM. What now?,"Report fraud, lock the card, and request a new card; review statements and update your PIN.",basic,
227,Mixed Scenarios,Customer Situations,A check I deposited bounced. Why?,"The payer’s bank rejected it due to insufficient funds, stop payment, or other return reasons.",basic,
228,Mixed Scenarios,Customer Situations,My Zelle payment went to the wrong person.,"If the recipient is enrolled, funds are typically final; contact your bank and the recipient to request return.",basic,
229,Mixed Scenarios,Customer Situations,I need to raise my mobile deposit limit.,"Request a limit increase; approval depends on account age, balance history, and risk review.",basic,
230,Mixed Scenarios,Customer Situations,How do I set up recurring transfers to savings?,Use your bank’s scheduled transfer feature to move funds periodically to your savings account.,basic,
231,Mixed Scenarios,Customer Situations,Why was my card declined overseas?,"Possible fraud controls, incorrect PIN, or network issues; try a chip-and-PIN terminal and contact your bank.",basic,
232,Mixed Scenarios,Customer Situations,Why did my credit score drop after paying off a loan?,"Closing an installment account can change your mix and average age, temporarily affecting the score.",basic,
233,Mixed Scenarios,Customer Situations,Can I get a temporary debit card number?,Some banks offer virtual card numbers for secure online purchases in their apps.,basic,
234,Mixed Scenarios,Customer Situations,I sent a wire to the wrong account. What can I do?,Contact your bank immediately to request a recall; recovery depends on recipient bank cooperation and timing.,basic,
235,Mixed Scenarios,Customer Situations,My paycheck is missing via direct deposit. What steps should I take?,"Verify deposit date with your employer, confirm routing and account numbers, and ask your bank to trace the ACH.",basic,
236,Mixed Scenarios,Customer Situations,My card was skimmed at an ATM. What now?,"Report fraud, lock the card, and request a new card; review statements and update your PIN.",basic,
237,Mixed Scenarios,Customer Situations,A check I deposited bounced. Why?,"The payer’s bank rejected it due to insufficient funds, stop payment, or other return reasons.",basic,
238,Mixed Scenarios,Customer Situations,My Zelle payment went to the wrong person.,"If the recipient is enrolled, funds are typically final; contact your bank and the recipient to request return.",basic,
239,Mixed Scenarios,Customer Situations,I need to raise my mobile deposit limit.,"Request a limit increase; approval depends on account age, balance history, and risk review.",basic,
240,Mixed Scenarios,Customer Situations,How do I set up recurring transfers to savings?,Use your bank’s scheduled transfer feature to move funds periodically to your savings account.,basic,
241,Mixed Scenarios,Customer Situations,Why was my card declined overseas?,"Possible fraud controls, incorrect PIN, or network issues; try a chip-and-PIN terminal and contact your bank.",basic,
242,Mixed Scenarios,Customer Situations,Why did my credit score drop after paying off a loan?,"Closing an installment account can change your mix and average age, temporarily affecting the score.",basic,
243,Mixed Scenarios,Customer Situations,Can I get a temporary debit card number?,Some banks offer virtual card numbers for secure online purchases in their apps.,basic,
244,Mixed Scenarios,Customer Situations,I sent a wire to the wrong account. What can I do?,Contact your bank immediately to request a recall; recovery depends on recipient bank cooperation and timing.,basic,
245,Mixed Scenarios,Customer Situations,My paycheck is missing via direct deposit. What steps should I take?,"Verify deposit date with your employer, confirm routing and account numbers, and ask your bank to trace the ACH.",basic,
246,Mixed Scenarios,Customer Situations,My card was skimmed at an ATM. What now?,"Report fraud, lock the card, and request a new card; review statements and update your PIN.",basic,
247,Mixed Scenarios,Customer Situations,A check I deposited bounced. Why?,"The payer’s bank rejected it due to insufficient funds, stop payment, or other return reasons.",basic,
248,Mixed Scenarios,Customer Situations,My Zelle payment went to the wrong person.,"If the recipient is enrolled, funds are typically final; contact your bank and the recipient to request return.",basic,
249,Mixed Scenarios,Customer Situations,I need to raise my mobile deposit limit.,"Request a limit increase; approval depends on account age, balance history, and risk review.",basic,
250,Mixed Scenarios,Customer Situations,How do I set up recurring transfers to savings?,Use your bank’s scheduled transfer feature to move funds periodically to your savings account.,basic,
251,Mixed Scenarios,Customer Situations,Why was my card declined overseas?,"Possible fraud controls, incorrect PIN, or network issues; try a chip-and-PIN terminal and contact your bank.",basic,
252,Mixed Scenarios,Customer Situations,Why did my credit score drop after paying off a loan?,"Closing an installment account can change your mix and average age, temporarily affecting the score.",basic,
253,Mixed Scenarios,Customer Situations,Can I get a temporary debit card number?,Some banks offer virtual card numbers for secure online purchases in their apps.,basic,
254,Mixed Scenarios,Customer Situations,I sent a wire to the wrong account. What can I do?,Contact your bank immediately to request a recall; recovery depends on recipient bank cooperation and timing.,basic,
255,Mixed Scenarios,Customer Situations,My paycheck is missing via direct deposit. What steps should I take?,"Verify deposit date with your employer, confirm routing and account numbers, and ask your bank to trace the ACH.",basic,
256,Mixed Scenarios,Customer Situations,My card was skimmed at an ATM. What now?,"Report fraud, lock the card, and request a new card; review statements and update your PIN.",basic,
257,Mixed Scenarios,Customer Situations,A check I deposited bounced. Why?,"The payer’s bank rejected it due to insufficient funds, stop payment, or other return reasons.",basic,
258,Mixed Scenarios,Customer Situations,My Zelle payment went to the wrong person.,"If the recipient is enrolled, funds are typically final; contact your bank and the recipient to request return.",basic,
259,Mixed Scenarios,Customer Situations,I need to raise my mobile deposit limit.,"Request a limit increase; approval depends on account age, balance history, and risk review.",basic,
260,Mixed Scenarios,Customer Situations,How do I set up recurring transfers to savings?,Use your bank’s scheduled transfer feature to move funds periodically to your savings account.,basic,
261,Mixed Scenarios,Customer Situations,Why was my card declined overseas?,"Possible fraud controls, incorrect PIN, or network issues; try a chip-and-PIN terminal and contact your bank.",basic,
262,Mixed Scenarios,Customer Situations,Why did my credit score drop after paying off a loan?,"Closing an installment account can change your mix and average age, temporarily affecting the score.",basic,
263,Mixed Scenarios,Customer Situations,Can I get a temporary debit card number?,Some banks offer virtual card numbers for secure online purchases in their apps.,basic,
264,Mixed Scenarios,Customer Situations,I sent a wire to the wrong account. What can I do?,Contact your bank immediately to request a recall; recovery depends on recipient bank cooperation and timing.,basic,
265,Mixed Scenarios,Customer Situations,My paycheck is missing via direct deposit. What steps should I take?,"Verify deposit date with your employer, confirm routing and account numbers, and ask your bank to trace the ACH.",basic,
266,Mixed Scenarios,Customer Situations,My card was skimmed at an ATM. What now?,"Report fraud, lock the card, and request a new card; review statements and update your PIN.",basic,
267,Mixed Scenarios,Customer Situations,A check I deposited bounced. Why?,"The payer’s bank rejected it due to insufficient funds, stop payment, or other return reasons.",basic,
268,Mixed Scenarios,Customer Situations,My Zelle payment went to the wrong person.,"If the recipient is enrolled, funds are typically final; contact your bank and the recipient to request return.",basic,
269,Mixed Scenarios,Customer Situations,I need to raise my mobile deposit limit.,"Request a limit increase; approval depends on account age, balance history, and risk review.",basic,
270,Mixed Scenarios,Customer Situations,How do I set up recurring transfers to savings?,Use your bank’s scheduled transfer feature to move funds periodically to your savings account.,basic,
271,Mixed Scenarios,Customer Situations,Why was my card declined overseas?,"Possible fraud controls, incorrect PIN, or network issues; try a chip-and-PIN terminal and contact your bank.",basic,
272,Mixed Scenarios,Customer Situations,Why did my credit score drop after paying off a loan?,"Closing an installment account can change your mix and average age, temporarily affecting the score.",basic,
273,Mixed Scenarios,Customer Situations,Can I get a temporary debit card number?,Some banks offer virtual card numbers for secure online purchases in their apps.,basic,
274,Mixed Scenarios,Customer Situations,I sent a wire to the wrong account. What can I do?,Contact your bank immediately to request a recall; recovery depends on recipient bank cooperation and timing.,basic,
275,Mixed Scenarios,Customer Situations,My paycheck is missing via direct deposit. What steps should I take?,"Verify deposit date with your employer, confirm routing and account numbers, and ask your bank to trace the ACH.",basic,
276,Mixed Scenarios,Customer Situations,My card was skimmed at an ATM. What now?,"Report fraud, lock the card, and request a new card; review statements and update your PIN.",basic,
277,Mixed Scenarios,Customer Situations,A check I deposited bounced. Why?,"The payer’s bank rejected it due to insufficient funds, stop payment, or other return reasons.",basic,
278,Mixed Scenarios,Customer Situations,My Zelle payment went to the wrong person.,"If the recipient is enrolled, funds are typically final; contact your bank and the recipient to request return.",basic,
279,Mixed Scenarios,Customer Situations,I need to raise my mobile deposit limit.,"Request a limit increase; approval depends on account age, balance history, and risk review.",basic,
280,Mixed Scenarios,Customer Situations,How do I set up recurring transfers to savings?,Use your bank’s scheduled transfer feature to move funds periodically to your savings account.,basic,
281,Mixed Scenarios,Customer Situations,Why was my card declined overseas?,"Possible fraud controls, incorrect PIN, or network issues; try a chip-and-PIN terminal and contact your bank.",basic,
282,Mixed Scenarios,Customer Situations,Why did my credit score drop after paying off a loan?,"Closing an installment account can change your mix and average age, temporarily affecting the score.",basic,
283,Mixed Scenarios,Customer Situations,Can I get a temporary debit card number?,Some banks offer virtual card numbers for secure online purchases in their apps.,basic,
284,Mixed Scenarios,Customer Situations,I sent a wire to the wrong account. What can I do?,Contact your bank immediately to request a recall; recovery depends on recipient bank cooperation and timing.,basic,
285,Mixed Scenarios,Customer Situations,My paycheck is missing via direct deposit. What steps should I take?,"Verify deposit date with your employer, confirm routing and account numbers, and ask your bank to trace the ACH.",basic,
286,Mixed Scenarios,Customer Situations,My card was skimmed at an ATM. What now?,"Report fraud, lock the card, and request a new card; review statements and update your PIN.",basic,
287,Mixed Scenarios,Customer Situations,A check I deposited bounced. Why?,"The payer’s bank rejected it due to insufficient funds, stop payment, or other return reasons.",basic,
288,Mixed Scenarios,Customer Situations,My Zelle payment went to the wrong person.,"If the recipient is enrolled, funds are typically final; contact your bank and the recipient to request return.",basic,
289,Mixed Scenarios,Customer Situations,I need to raise my mobile deposit limit.,"Request a limit increase; approval depends on account age, balance history, and risk review.",basic,
290,Mixed Scenarios,Customer Situations,How do I set up recurring transfers to savings?,Use your bank’s scheduled transfer feature to move funds periodically to your savings account.,basic,
291,Mixed Scenarios,Customer Situations,Why was my card declined overseas?,"Possible fraud controls, incorrect PIN, or network issues; try a chip-and-PIN terminal and contact your bank.",basic,
292,Mixed Scenarios,Customer Situations,Why did my credit score drop after paying off a loan?,"Closing an installment account can change your mix and average age, temporarily affecting the score.",basic,
293,Mixed Scenarios,Customer Situations,Can I get a temporary debit card number?,Some banks offer virtual card numbers for secure online purchases in their apps.,basic,
294,Mixed Scenarios,Customer Situations,I sent a wire to the wrong account. What can I do?,Contact your bank immediately to request a recall; recovery depends on recipient bank cooperation and timing.,basic,
295,Mixed Scenarios,Customer Situations,My paycheck is missing via direct deposit. What steps should I take?,"Verify deposit date with your employer, confirm routing and account numbers, and ask your bank to trace the ACH.",basic,
296,Mixed Scenarios,Customer Situations,My card was skimmed at an ATM. What now?,"Report fraud, lock the card, and request a new card; review statements and update your PIN.",basic,
297,Mixed Scenarios,Customer Situations,A check I deposited bounced. Why?,"The payer’s bank rejected it due to insufficient funds, stop payment, or other return reasons.",basic,
298,Mixed Scenarios,Customer Situations,My Zelle payment went to the wrong person.,"If the recipient is enrolled, funds are typically final; contact your bank and the recipient to request return.",basic,
299,Mixed Scenarios,Customer Situations,I need to raise my mobile deposit limit.,"Request a limit increase; approval depends on account age, balance history, and risk review.",basic,
300,Mixed Scenarios,Customer Situations,How do I set up recurring transfers to savings?,Use your bank’s scheduled transfer feature to move funds periodically to your savings account.,basic,
301,Mixed Scenarios,Customer Situations,Why was my card declined overseas?,"Possible fraud controls, incorrect PIN, or network issues; try a chip-and-PIN terminal and contact your bank.",basic,
302,Mixed Scenarios,Customer Situations,Why did my credit score drop after paying off a loan?,"Closing an installment account can change your mix and average age, temporarily affecting the score.",basic,
303,Mixed Scenarios,Customer Situations,Can I get a temporary debit card number?,Some banks offer virtual card numbers for secure online purchases in their apps.,basic,
304,Glossary,Terms,What is APY?,Annual Percentage Yield; reflects interest plus compounding on deposits.,basic,
305,Glossary,Terms,What is APR?,Annual Percentage Rate; the yearly cost of borrowing including interest and certain fees.,basic,
306,Glossary,Terms,What is DTI?,Debt-to-Income ratio; monthly debt payments divided by gross monthly income.,basic,
307,Glossary,Terms,What is LTV?,Loan-to-Value ratio; loan amount divided by collateral value.,basic,
308,Glossary,Terms,What is NSF?,Non-Sufficient Funds; when an account lacks enough money to cover a transaction.,basic,
309,Glossary,Terms,What is RTP?,Real-Time Payments; an instant transfer network with 24/7 settlement.,basic,
310,Glossary,Terms,What is EMV?,Chip card standard that enables dynamic authentication at terminals.,basic,
311,Glossary,Terms,What is PCI?,Payment Card Industry standards governing card data security (PCI DSS).,basic,
312,Glossary,Terms,What is AML?,"Anti-Money Laundering; controls to detect, prevent, and report illicit finance.",basic,
313,Glossary,Terms,What is KYC?,Know Your Customer; processes to verify customer identity and risk profile.,basic,
314,Glossary,Terms,What is APY?,Annual Percentage Yield; reflects interest plus compounding on deposits.,basic,
315,Glossary,Terms,What is APR?,Annual Percentage Rate; the yearly cost of borrowing including interest and certain fees.,basic,
316,Glossary,Terms,What is DTI?,Debt-to-Income ratio; monthly debt payments divided by gross monthly income.,basic,
317,Glossary,Terms,What is LTV?,Loan-to-Value ratio; loan amount divided by collateral value.,basic,
318,Glossary,Terms,What is NSF?,Non-Sufficient Funds; when an account lacks enough money to cover a transaction.,basic,
319,Glossary,Terms,What is RTP?,Real-Time Payments; an instant transfer network with 24/7 settlement.,basic,
320,Glossary,Terms,What is EMV?,Chip card standard that enables dynamic authentication at terminals.,basic,
321,Glossary,Terms,What is PCI?,Payment Card Industry standards governing card data security (PCI DSS).,basic,
322,Glossary,Terms,What is AML?,"Anti-Money Laundering; controls to detect, prevent, and report illicit finance.",basic,
323,Glossary,Terms,What is KYC?,Know Your Customer; processes to verify customer identity and risk profile.,basic,
324,Glossary,Terms,What is APY?,Annual Percentage Yield; reflects interest plus compounding on deposits.,basic,
325,Glossary,Terms,What is APR?,Annual Percentage Rate; the yearly cost of borrowing including interest and certain fees.,basic,
326,Glossary,Terms,What is DTI?,Debt-to-Income ratio; monthly debt payments divided by gross monthly income.,basic,
327,Glossary,Terms,What is LTV?,Loan-to-Value ratio; loan amount divided by collateral value.,basic,
328,Glossary,Terms,What is NSF?,Non-Sufficient Funds; when an account lacks enough money to cover a transaction.,basic,
329,Glossary,Terms,What is RTP?,Real-Time Payments; an instant transfer network with 24/7 settlement.,basic,
330,Glossary,Terms,What is EMV?,Chip card standard that enables dynamic authentication at terminals.,basic,
331,Glossary,Terms,What is PCI?,Payment Card Industry standards governing card data security (PCI DSS).,basic,
332,Glossary,Terms,What is AML?,"Anti-Money Laundering; controls to detect, prevent, and report illicit finance.",basic,
333,Glossary,Terms,What is KYC?,Know Your Customer; processes to verify customer identity and risk profile.,basic,
334,Glossary,Terms,What is APY?,Annual Percentage Yield; reflects interest plus compounding on deposits.,basic,
335,Glossary,Terms,What is APR?,Annual Percentage Rate; the yearly cost of borrowing including interest and certain fees.,basic,
336,Glossary,Terms,What is DTI?,Debt-to-Income ratio; monthly debt payments divided by gross monthly income.,basic,
337,Glossary,Terms,What is LTV?,Loan-to-Value ratio; loan amount divided by collateral value.,basic,
338,Glossary,Terms,What is NSF?,Non-Sufficient Funds; when an account lacks enough money to cover a transaction.,basic,
339,Glossary,Terms,What is RTP?,Real-Time Payments; an instant transfer network with 24/7 settlement.,basic,
340,Glossary,Terms,What is EMV?,Chip card standard that enables dynamic authentication at terminals.,basic,
341,Glossary,Terms,What is PCI?,Payment Card Industry standards governing card data security (PCI DSS).,basic,
342,Glossary,Terms,What is AML?,"Anti-Money Laundering; controls to detect, prevent, and report illicit finance.",basic,
343,Glossary,Terms,What is KYC?,Know Your Customer; processes to verify customer identity and risk profile.,basic,
344,Glossary,Terms,What is APY?,Annual Percentage Yield; reflects interest plus compounding on deposits.,basic,
345,Glossary,Terms,What is APR?,Annual Percentage Rate; the yearly cost of borrowing including interest and certain fees.,basic,
346,Glossary,Terms,What is DTI?,Debt-to-Income ratio; monthly debt payments divided by gross monthly income.,basic,
347,Glossary,Terms,What is LTV?,Loan-to-Value ratio; loan amount divided by collateral value.,basic,
348,Glossary,Terms,What is NSF?,Non-Sufficient Funds; when an account lacks enough money to cover a transaction.,basic,
349,Glossary,Terms,What is RTP?,Real-Time Payments; an instant transfer network with 24/7 settlement.,basic,
350,Glossary,Terms,What is EMV?,Chip card standard that enables dynamic authentication at terminals.,basic,
351,Glossary,Terms,What is PCI?,Payment Card Industry standards governing card data security (PCI DSS).,basic,
352,Glossary,Terms,What is AML?,"Anti-Money Laundering; controls to detect, prevent, and report illicit finance.",basic,
353,Glossary,Terms,What is KYC?,Know Your Customer; processes to verify customer identity and risk profile.,basic,
354,Glossary,Terms,What is APY?,Annual Percentage Yield; reflects interest plus compounding on deposits.,basic,
355,Glossary,Terms,What is APR?,Annual Percentage Rate; the yearly cost of borrowing including interest and certain fees.,basic,
356,Glossary,Terms,What is DTI?,Debt-to-Income ratio; monthly debt payments divided by gross monthly income.,basic,
357,Glossary,Terms,What is LTV?,Loan-to-Value ratio; loan amount divided by collateral value.,basic,
358,Glossary,Terms,What is NSF?,Non-Sufficient Funds; when an account lacks enough money to cover a transaction.,basic,
359,Glossary,Terms,What is RTP?,Real-Time Payments; an instant transfer network with 24/7 settlement.,basic,
360,Glossary,Terms,What is EMV?,Chip card standard that enables dynamic authentication at terminals.,basic,
361,Glossary,Terms,What is PCI?,Payment Card Industry standards governing card data security (PCI DSS).,basic,
362,Glossary,Terms,What is AML?,"Anti-Money Laundering; controls to detect, prevent, and report illicit finance.",basic,
363,Glossary,Terms,What is KYC?,Know Your Customer; processes to verify customer identity and risk profile.,basic,
364,Glossary,Terms,What is APY?,Annual Percentage Yield; reflects interest plus compounding on deposits.,basic,
365,Glossary,Terms,What is APR?,Annual Percentage Rate; the yearly cost of borrowing including interest and certain fees.,basic,
366,Glossary,Terms,What is DTI?,Debt-to-Income ratio; monthly debt payments divided by gross monthly income.,basic,
367,Glossary,Terms,What is LTV?,Loan-to-Value ratio; loan amount divided by collateral value.,basic,
368,Glossary,Terms,What is NSF?,Non-Sufficient Funds; when an account lacks enough money to cover a transaction.,basic,
369,Glossary,Terms,What is RTP?,Real-Time Payments; an instant transfer network with 24/7 settlement.,basic,
370,Glossary,Terms,What is EMV?,Chip card standard that enables dynamic authentication at terminals.,basic,
371,Glossary,Terms,What is PCI?,Payment Card Industry standards governing card data security (PCI DSS).,basic,
372,Glossary,Terms,What is AML?,"Anti-Money Laundering; controls to detect, prevent, and report illicit finance.",basic,
373,Glossary,Terms,What is KYC?,Know Your Customer; processes to verify customer identity and risk profile.,basic,
374,Regional Notes,Jurisdiction,Do banking rules vary by country?,"Yes; product names, protections, and timelines differ. Confirm details with your local bank and regulator.",basic,
375,Regional Notes,Jurisdiction,Are deposit insurance limits the same everywhere?,No; each country sets its own coverage limits and categories.,basic,
376,Regional Notes,Jurisdiction,Are dispute rights identical across banks?,"No; rights depend on local law, network rules, and your account agreement.",basic,
377,Regional Notes,Jurisdiction,Do banking rules vary by country?,"Yes; product names, protections, and timelines differ. Confirm details with your local bank and regulator.",basic,
378,Regional Notes,Jurisdiction,Are deposit insurance limits the same everywhere?,No; each country sets its own coverage limits and categories.,basic,
379,Regional Notes,Jurisdiction,Are dispute rights identical across banks?,"No; rights depend on local law, network rules, and your account agreement.",basic,
380,Regional Notes,Jurisdiction,Do banking rules vary by country?,"Yes; product names, protections, and timelines differ. Confirm details with your local bank and regulator.",basic,
381,Regional Notes,Jurisdiction,Are deposit insurance limits the same everywhere?,No; each country sets its own coverage limits and categories.,basic,
382,Regional Notes,Jurisdiction,Are dispute rights identical across banks?,"No; rights depend on local law, network rules, and your account agreement.",basic,
383,Regional Notes,Jurisdiction,Do banking rules vary by country?,"Yes; product names, protections, and timelines differ. Confirm details with your local bank and regulator.",basic,
384,Regional Notes,Jurisdiction,Are deposit insurance limits the same everywhere?,No; each country sets its own coverage limits and categories.,basic,
385,Regional Notes,Jurisdiction,Are dispute rights identical across banks?,"No; rights depend on local law, network rules, and your account agreement.",basic,
386,Regional Notes,Jurisdiction,Do banking rules vary by country?,"Yes; product names, protections, and timelines differ. Confirm details with your local bank and regulator.",basic,
387,Regional Notes,Jurisdiction,Are deposit insurance limits the same everywhere?,No; each country sets its own coverage limits and categories.,basic,
388,Regional Notes,Jurisdiction,Are dispute rights identical across banks?,"No; rights depend on local law, network rules, and your account agreement.",basic,
389,Operational,How-To,How do I change my account address?,Update your profile in online banking or visit a branch with ID.,basic,
390,Operational,How-To,Can I schedule bill payments?,Yes; use the bank’s bill pay to set one-time or recurring payments.,basic,
391,Operational,How-To,How do I get a bank letter for proof of funds?,Request an official letter from your branch or online; processing times vary.,basic,
392,Operational,How-To,What is a stop check fee?,A fee for placing a stop payment on a check before it clears.,basic,
393,Operational,How-To,What is an IRA CD?,A certificate of deposit held within an Individual Retirement Account.,basic,
394,Operational,How-To,What is a HELOC?,A Home Equity Line of Credit secured by your home with a variable rate.,basic,
395,Operational,How-To,What are mortgage closing costs?,"Third-party and lender fees due at closing, such as appraisal, title, and taxes.",basic,
396,Operational,How-To,How do I set travel notices?,Use your app or call your bank to add travel dates and destinations.,basic,
397,Operational,How-To,What is a statement cycle?,"The period your activity is summarized for a given statement, typically monthly.",basic,
398,Operational,How-To,How do I get a cashier’s check?,Visit a branch or order via app (if offered); funds are withdrawn immediately.,basic,
399,Operational,How-To,How do I change my account address?,Update your profile in online banking or visit a branch with ID.,basic,
400,Operational,How-To,Can I schedule bill payments?,Yes; use the bank’s bill pay to set one-time or recurring payments.,basic,
401,Operational,How-To,How do I get a bank letter for proof of funds?,Request an official letter from your branch or online; processing times vary.,basic,
402,Operational,How-To,What is a stop check fee?,A fee for placing a stop payment on a check before it clears.,basic,
403,Operational,How-To,What is an IRA CD?,A certificate of deposit held within an Individual Retirement Account.,basic,
404,Operational,How-To,What is a HELOC?,A Home Equity Line of Credit secured by your home with a variable rate.,basic,
405,Operational,How-To,What are mortgage closing costs?,"Third-party and lender fees due at closing, such as appraisal, title, and taxes.",basic,
406,Operational,How-To,How do I set travel notices?,Use your app or call your bank to add travel dates and destinations.,basic,
407,Operational,How-To,What is a statement cycle?,"The period your activity is summarized for a given statement, typically monthly.",basic,
408,Operational,How-To,How do I get a cashier’s check?,Visit a branch or order via app (if offered); funds are withdrawn immediately.,basic,
409,Operational,How-To,How do I change my account address?,Update your profile in online banking or visit a branch with ID.,basic,
410,Operational,How-To,Can I schedule bill payments?,Yes; use the bank’s bill pay to set one-time or recurring payments.,basic,
411,Operational,How-To,How do I get a bank letter for proof of funds?,Request an official letter from your branch or online; processing times vary.,basic,
412,Operational,How-To,What is a stop check fee?,A fee for placing a stop payment on a check before it clears.,basic,
413,Operational,How-To,What is an IRA CD?,A certificate of deposit held within an Individual Retirement Account.,basic,
414,Operational,How-To,What is a HELOC?,A Home Equity Line of Credit secured by your home with a variable rate.,basic,
415,Operational,How-To,What are mortgage closing costs?,"Third-party and lender fees due at closing, such as appraisal, title, and taxes.",basic,
416,Operational,How-To,How do I set travel notices?,Use your app or call your bank to add travel dates and destinations.,basic,
417,Operational,How-To,What is a statement cycle?,"The period your activity is summarized for a given statement, typically monthly.",basic,
418,Operational,How-To,How do I get a cashier’s check?,Visit a branch or order via app (if offered); funds are withdrawn immediately.,basic,
419,Operational,How-To,How do I change my account address?,Update your profile in online banking or visit a branch with ID.,basic,
420,Operational,How-To,Can I schedule bill payments?,Yes; use the bank’s bill pay to set one-time or recurring payments.,basic,
421,Operational,How-To,How do I get a bank letter for proof of funds?,Request an official letter from your branch or online; processing times vary.,basic,
422,Operational,How-To,What is a stop check fee?,A fee for placing a stop payment on a check before it clears.,basic,
423,Operational,How-To,What is an IRA CD?,A certificate of deposit held within an Individual Retirement Account.,basic,
424,Operational,How-To,What is a HELOC?,A Home Equity Line of Credit secured by your home with a variable rate.,basic,
425,Operational,How-To,What are mortgage closing costs?,"Third-party and lender fees due at closing, such as appraisal, title, and taxes.",basic,
426,Operational,How-To,How do I set travel notices?,Use your app or call your bank to add travel dates and destinations.,basic,
427,Operational,How-To,What is a statement cycle?,"The period your activity is summarized for a given statement, typically monthly.",basic,
428,Operational,How-To,How do I get a cashier’s check?,Visit a branch or order via app (if offered); funds are withdrawn immediately.,basic,
429,Operational,How-To,How do I change my account address?,Update your profile in online banking or visit a branch with ID.,basic,
430,Operational,How-To,Can I schedule bill payments?,Yes; use the bank’s bill pay to set one-time or recurring payments.,basic,
431,Operational,How-To,How do I get a bank letter for proof of funds?,Request an official letter from your branch or online; processing times vary.,basic,
432,Operational,How-To,What is a stop check fee?,A fee for placing a stop payment on a check before it clears.,basic,
433,Operational,How-To,What is an IRA CD?,A certificate of deposit held within an Individual Retirement Account.,basic,
434,Operational,How-To,What is a HELOC?,A Home Equity Line of Credit secured by your home with a variable rate.,basic,
435,Operational,How-To,What are mortgage closing costs?,"Third-party and lender fees due at closing, such as appraisal, title, and taxes.",basic,
436,Operational,How-To,How do I set travel notices?,Use your app or call your bank to add travel dates and destinations.,basic,
437,Operational,How-To,What is a statement cycle?,"The period your activity is summarized for a given statement, typically monthly.",basic,
438,Operational,How-To,How do I get a cashier’s check?,Visit a branch or order via app (if offered); funds are withdrawn immediately.,basic,
439,Operational,How-To,How do I change my account address?,Update your profile in online banking or visit a branch with ID.,basic,
440,Operational,How-To,Can I schedule bill payments?,Yes; use the bank’s bill pay to set one-time or recurring payments.,basic,
441,Operational,How-To,How do I get a bank letter for proof of funds?,Request an official letter from your branch or online; processing times vary.,basic,
442,Operational,How-To,What is a stop check fee?,A fee for placing a stop payment on a check before it clears.,basic,
443,Operational,How-To,What is an IRA CD?,A certificate of deposit held within an Individual Retirement Account.,basic,
444,Operational,How-To,What is a HELOC?,A Home Equity Line of Credit secured by your home with a variable rate.,basic,
445,Operational,How-To,What are mortgage closing costs?,"Third-party and lender fees due at closing, such as appraisal, title, and taxes.",basic,
446,Operational,How-To,How do I set travel notices?,Use your app or call your bank to add travel dates and destinations.,basic,
447,Operational,How-To,What is a statement cycle?,"The period your activity is summarized for a given statement, typically monthly.",basic,
448,Operational,How-To,How do I get a cashier’s check?,Visit a branch or order via app (if offered); funds are withdrawn immediately.,basic,
449,Best Practices,Security,What is best practice #449 for secure banking?,"Use unique passwords, enable 2FA, monitor alerts, and review statements regularly.",basic,
450,Best Practices,Security,What is best practice #450 for secure banking?,"Use unique passwords, enable 2FA, monitor alerts, and review statements regularly.",basic,
451,Best Practices,Security,What is best practice #451 for secure banking?,"Use unique passwords, enable 2FA, monitor alerts, and review statements regularly.",basic,
452,Best Practices,Security,What is best practice #452 for secure banking?,"Use unique passwords, enable 2FA, monitor alerts, and review statements regularly.",basic,
453,Best Practices,Security,What is best practice #453 for secure banking?,"Use unique passwords, enable 2FA, monitor alerts, and review statements regularly.",basic,
454,Best Practices,Security,What is best practice #454 for secure banking?,"Use unique passwords, enable 2FA, monitor alerts, and review statements regularly.",basic,
455,Best Practices,Security,What is best practice #455 for secure banking?,"Use unique passwords, enable 2FA, monitor alerts, and review statements regularly.",basic,
456,Best Practices,Security,What is best practice #456 for secure banking?,"Use unique passwords, enable 2FA, monitor alerts, and review statements regularly.",basic,
457,Best Practices,Security,What is best practice #457 for secure banking?,"Use unique passwords, enable 2FA, monitor alerts, and review statements regularly.",basic,
458,Best Practices,Security,What is best practice #458 for secure banking?,"Use unique passwords, enable 2FA, monitor alerts, and review statements regularly.",basic,
459,Best Practices,Security,What is best practice #459 for secure banking?,"Use unique passwords, enable 2FA, monitor alerts, and review statements regularly.",basic,
460,Best Practices,Security,What is best practice #460 for secure banking?,"Use unique passwords, enable 2FA, monitor alerts, and review statements regularly.",basic,
461,Best Practices,Security,What is best practice #461 for secure banking?,"Use unique passwords, enable 2FA, monitor alerts, and review statements regularly.",basic,
462,Best Practices,Security,What is best practice #462 for secure banking?,"Use unique passwords, enable 2FA, monitor alerts, and review statements regularly.",basic,
463,Best Practices,Security,What is best practice #463 for secure banking?,"Use unique passwords, enable 2FA, monitor alerts, and review statements regularly.",basic,
464,Best Practices,Security,What is best practice #464 for secure banking?,"Use unique passwords, enable 2FA, monitor alerts, and review statements regularly.",basic,
465,Best Practices,Security,What is best practice #465 for secure banking?,"Use unique passwords, enable 2FA, monitor alerts, and review statements regularly.",basic,
466,Best Practices,Security,What is best practice #466 for secure banking?,"Use unique passwords, enable 2FA, monitor alerts, and review statements regularly.",basic,
467,Best Practices,Security,What is best practice #467 for secure banking?,"Use unique passwords, enable 2FA, monitor alerts, and review statements regularly.",basic,
468,Best Practices,Security,What is best practice #468 for secure banking?,"Use unique passwords, enable 2FA, monitor alerts, and review statements regularly.",basic,
469,Best Practices,Security,What is best practice #469 for secure banking?,"Use unique passwords, enable 2FA, monitor alerts, and review statements regularly.",basic,
470,Best Practices,Security,What is best practice #470 for secure banking?,"Use unique passwords, enable 2FA, monitor alerts, and review statements regularly.",basic,
471,Best Practices,Security,What is best practice #471 for secure banking?,"Use unique passwords, enable 2FA, monitor alerts, and review statements regularly.",basic,
472,Best Practices,Security,What is best practice #472 for secure banking?,"Use unique passwords, enable 2FA, monitor alerts, and review statements regularly.",basic,
473,Best Practices,Security,What is best practice #473 for secure banking?,"Use unique passwords, enable 2FA, monitor alerts, and review statements regularly.",basic,
474,Best Practices,Security,What is best practice #474 for secure banking?,"Use unique passwords, enable 2FA, monitor alerts, and review statements regularly.",basic,
475,Best Practices,Security,What is best practice #475 for secure banking?,"Use unique passwords, enable 2FA, monitor alerts, and review statements regularly.",basic,
476,Best Practices,Security,What is best practice #476 for secure banking?,"Use unique passwords, enable 2FA, monitor alerts, and review statements regularly.",basic,
477,Best Practices,Security,What is best practice #477 for secure banking?,"Use unique passwords, enable 2FA, monitor alerts, and review statements regularly.",basic,
478,Best Practices,Security,What is best practice #478 for secure banking?,"Use unique passwords, enable 2FA, monitor alerts, and review statements regularly.",basic,
479,Best Practices,Security,What is best practice #479 for secure banking?,"Use unique passwords, enable 2FA, monitor alerts, and review statements regularly.",basic,
480,Best Practices,Security,What is best practice #480 for secure banking?,"Use unique passwords, enable 2FA, monitor alerts, and review statements regularly.",basic,
481,Best Practices,Security,What is best practice #481 for secure banking?,"Use unique passwords, enable 2FA, monitor alerts, and review statements regularly.",basic,
482,Best Practices,Security,What is best practice #482 for secure banking?,"Use unique passwords, enable 2FA, monitor alerts, and review statements regularly.",basic,
483,Best Practices,Security,What is best practice #483 for secure banking?,"Use unique passwords, enable 2FA, monitor alerts, and review statements regularly.",basic,
484,Best Practices,Security,What is best practice #484 for secure banking?,"Use unique passwords, enable 2FA, monitor alerts, and review statements regularly.",basic,
485,Best Practices,Security,What is best practice #485 for secure banking?,"Use unique passwords, enable 2FA, monitor alerts, and review statements regularly.",basic,
486,Best Practices,Security,What is best practice #486 for secure banking?,"Use unique passwords, enable 2FA, monitor alerts, and review statements regularly.",basic,
487,Best Practices,Security,What is best practice #487 for secure banking?,"Use unique passwords, enable 2FA, monitor alerts, and review statements regularly.",basic,
488,Best Practices,Security,What is best practice #488 for secure banking?,"Use unique passwords, enable 2FA, monitor alerts, and review statements regularly.",basic,
489,Best Practices,Security,What is best practice #489 for secure banking?,"Use unique passwords, enable 2FA, monitor alerts, and review statements regularly.",basic,
490,Best Practices,Security,What is best practice #490 for secure banking?,"Use unique passwords, enable 2FA, monitor alerts, and review statements regularly.",basic,
491,Best Practices,Security,What is best practice #491 for secure banking?,"Use unique passwords, enable 2FA, monitor alerts, and review statements regularly.",basic,
492,Best Practices,Security,What is best practice #492 for secure banking?,"Use unique passwords, enable 2FA, monitor alerts, and review statements regularly.",basic,
493,Best Practices,Security,What is best practice #493 for secure banking?,"Use unique passwords, enable 2FA, monitor alerts, and review statements regularly.",basic,
494,Best Practices,Security,What is best practice #494 for secure banking?,"Use unique passwords, enable 2FA, monitor alerts, and review statements regularly.",basic,
495,Best Practices,Security,What is best practice #495 for secure banking?,"Use unique passwords, enable 2FA, monitor alerts, and review statements regularly.",basic,
496,Best Practices,Security,What is best practice #496 for secure banking?,"Use unique passwords, enable 2FA, monitor alerts, and review statements regularly.",basic,
497,Best Practices,Security,What is best practice #497 for secure banking?,"Use unique passwords, enable 2FA, monitor alerts, and review statements regularly.",basic,
498,Best Practices,Security,What is best practice #498 for secure banking?,"Use unique passwords, enable 2FA, monitor alerts, and review statements regularly.",basic,
499,Best Practices,Security,What is best practice #499 for secure banking?,"Use unique passwords, enable 2FA, monitor alerts, and review statements regularly.",basic,
500,Best Practices,Security,What is best practice #500 for secure banking?,"Use unique passwords, enable 2FA, monitor alerts, and review statements regularly.",basic,
